{"cameraMode":{"drawMode":0,"name":"Shaded","section":"Shading Mode"},"sceneLighting":true,"audioPlay":false,"sceneViewState":{"m_AlwaysRefresh":false,"showFog":true,"showSkybox":true,"showFlares":true,"showImageEffects":true,"showParticleSystems":true,"showVisualEffectGraphs":true,"m_FxEnabled":true},"in2DMode":false,"pivot":{"x":14.082931518554688,"y":23.160625457763673,"z":55.50709915161133},"rotation":{"x":0.0918680876493454,"y":-0.9023730158805847,"z":0.3474145531654358,"w":0.23875489830970765},"size":3.5970308780670168,"orthographic":false}