{"cameraMode":{"drawMode":0,"name":"Shaded","section":"Shading Mode"},"sceneLighting":false,"audioPlay":false,"sceneViewState":{"m_AlwaysRefresh":false,"showFog":false,"showSkybox":false,"showFlares":false,"showImageEffects":false,"showParticleSystems":false,"showVisualEffectGraphs":true,"m_FxEnabled":true},"in2DMode":false,"pivot":{"x":0.002196013927459717,"y":0.8894741535186768,"z":-0.007572531700134277},"rotation":{"x":-0.09680831432342529,"y":0.9012376666069031,"z":-0.32702550292015078,"w":-0.26770952343940737},"size":1.3154492378234864,"orthographic":false}